Endpoint,Target,Algorithm,K,Features,AUC,AUC_Low,AUC_High,AUPRC,Brier,Sensitivity,Specificity,Threshold,N_External
Primary,pof,XGBoost-Slim(k=3),3,pao2fio2ratio_min;ph_min;creatinine_max,0.8369879562177399,0.8120226441480208,0.8604297042148054,0.7956588107332415,0.1772511217532683,0.30669546436285094,0.9830508474576272,0.5493378241856893,1112
Secondary,mortality,XGBoost-Slim(k=8),8,ptt_min;bun_max;malignant_tumor;hemoglobin_min;lactate_max;tbar;albumin_max;admission_age,0.8494359851002985,0.8155238858363858,0.8814443055772536,0.3369422047610517,0.06608290523187088,0.6881720430107527,0.7998037291462218,0.19355311741431555,1112
Composite,composite,XGBoost-Slim(k=4),4,creatinine_max;pao2fio2ratio_min;ph_min;bun_min,0.8510637240776255,0.8273656904771445,0.8711375770020534,0.8050343008632255,0.16615086871146578,0.5605095541401274,0.9126365054602185,0.5236714879671732,1112
